set_id,drug_name,ndc_code,manufacturer,dosage_form,approval_type,warning_level,loinc_code,triggering_text
cfe9214d-25e9-7729-e053-2a95a90a0dfb,Pepto Bismol,69423-963,The Procter & Gamble Manufacturing Company,"TABLET, CHEWABLE",OTC Monograph Drug,silent,,
f9fad6a8-ed8f-45d9-b3d3-422c81f4b83a,Multi-Symptom Cold and Flu,41520-068,Care One (American Sales Company),"CAPSULE, LIQUID FILLED",OTC Monograph Drug,silent,,
19b5b960-cc4d-42d0-8c8a-04a355a4db92,Omeprazole,59779-580,CVS Pharmacy,"TABLET, DELAYED RELEASE",NDA,silent,,
4ad9398f-7488-6eaf-e054-00144ff8d46c,Cough Drops Cherry with Sugar,71141-111,Lidl US LLC,TABLET,OTC Monograph Drug,set_id_not_found_or_empty,,
0803ad9c-1da8-a556-e063-6294a90add7f,Tums Antacid Chewy Bites,66715-8151,"Lil' Drug Store products, Inc.","TABLET, CHEWABLE",OTC Monograph Drug,silent,,
51bcc19d-acfc-487b-870b-251c8953741f,foster and thrive omeprazole,70677-1275,Strategic Sourcing Services LLC,"TABLET, DELAYED RELEASE",NDA,silent,,
98cdf19d-8b8a-4051-88bb-79160b2af39e,Peptide Lip Shine SPF30 Sunscreen,68078-080,"Colorescience, Inc.",LIQUID,OTC monograph drug,silent,,
3a6506c4-1ba9-493a-a4c8-e5f9c60d221b,Lip Shine SPF35 Sunscreen,68078-028,Colorescience,LIQUID,OTC Monograph Drug,silent,,
43e175b4-7a48-431e-bf27-9ce7dee53f5e,Softlips Pearl,10742-8573,The Mentholatum Company,STICK,OTC Monograph Drug,silent,,
14c56f3d-67fd-45ef-a16b-f27604722883,"Mucinex Childrens FreeFrom Multi-Symptom Cold, Flu and Sore Throat",63824-958,RB Health (US) LLC,SOLUTION,OTC Monograph Drug,silent,,
176fe4f5-f72d-4fc2-bd9a-20626c9ab634,Wal-itin,0363-0754,Walgreens,"TABLET, CHEWABLE",ANDA,silent,,
84e7be8f-2785-45ef-9c44-de05394fcd99,Mucinex Childrens FreeFrom Multi-Symptom Cold and Flu Nighttime,63824-959,RB Health (US) LLC,SOLUTION,OTC Monograph Drug,silent,,
c02ad905-2363-4092-a90e-3be789112cb1,CHILDRENS LORATADINE,11673-997,TARGET CORPORATION,"TABLET, CHEWABLE",ANDA,silent,,
297d6703-ed4e-10d3-e063-6394a90a9f3a,Tums Chewy Bites,67751-235,Navajo Manufacturing Company Inc.,"TABLET, CHEWABLE",OTC Monograph Drug,silent,,
d664c45d-564a-4692-ae8f-8dd980ffcd87,up and up omeprazole,11673-018,Target Corporation,"TABLET, DELAYED RELEASE",NDA,silent,,
3c34fa4b-be9f-4aa6-ab6b-775b528a8949,dg health omeprazole,55910-215,Dolgencorp Inc,"TABLET, DELAYED RELEASE",NDA,silent,,
491e3710-9a15-4b07-ae22-923bd1152ecc,omeprazole,37808-401,H E B,"TABLET, DELAYED RELEASE",NDA,silent,,
4e849a58-ad34-4d6e-a065-d1e5a1ac8218,omeprazole,41250-401,Meijer Distribution Inc,"TABLET, DELAYED RELEASE",NDA,silent,,
2f9ea017-a48d-a225-e063-6294a90a9ec3,Rolaids,84126-347,The Procter & Gamble Manufacturing Company,"TABLET, CHEWABLE",OTC Monograph Drug,silent,,
2499e14a-c14f-ea13-e063-6394a90a62f5,Naked Sundays PoutScreen Plumping Lip Treatment Caramel Latte 10mL,81104-247,NAKED SUNDAYS PTY LTD,LIQUID,OTC Monograph Drug,silent,,
b29d2771-f685-45c5-b18b-3ca976df6984,Dulcolax Chewy Fruit Bites Cherry Berry,41167-0257,"Chattem, Inc.","TABLET, CHEWABLE",OTC Monograph Drug,silent,,
a5ec923a-dbc7-43e0-b3b8-f61dcaa6765d,careone omeprazole,41520-802,American Sales Company,"TABLET, DELAYED RELEASE",NDA,silent,,
85ece978-3cfb-4c09-bf0f-3217fda8e7d4,signature care omeprazole,21130-401,Safeway,"TABLET, DELAYED RELEASE",NDA,silent,,
65800a35-be93-4680-9044-f3cf71ffcd9c,RICH LIP COLOR,64141-009,Bobbi Brown Professional Cosmetics Inc.,LIPSTICK,OTC monograph not final,silent,,
bd1b687b-6062-4a0d-9d3c-dc7ea63f3a42,NUTRITIOUS,11559-727,ESTEE LAUDER INC,POWDER,OTC monograph not final,silent,,
21925869-f913-4e56-b071-415c5e6281aa,BareMinerals Faux Tan,98132-158,Bare Escentuals Beauty Inc.,POWDER,OTC MONOGRAPH NOT FINAL,silent,,
1b945dfb-d568-4325-9589-cdfe78c02958,almost bronzer,49527-801,clinique laboratories inc,POWDER,OTC MONOGRAPH NOT FINAL,silent,,
11e0c85e-a1ba-42c1-a615-95057311b104,MINERALIZE,40046-0031,MAKEUP ART COSMETICS,POWDER,OTC monograph not final,silent,,
33587c55-12a6-4312-bb1c-034d43835837,DOUBLE WEAR,11559-729,ESTEE LAUDER INC,POWDER,OTC monograph not final,silent,,
dbc5bf8f-711d-4455-be2e-65ca63720e75,DOUBLE WEAR,11559-014,ESTEE LAUDER INC,POWDER,OTC monograph not final,silent,,
f75ccb8e-9947-4921-9dc7-20816dee7372,TENDERTONE LIP BALM SPF 12,40046-0030,MAKEUP ART COSMETICS,LIPSTICK,OTC MONOGRAPH NOT FINAL,silent,,
ee84ca59-079a-4f0a-a6f1-f85a52e8abf5,DAYWEAR BB,11559-015,ESTEE LAUDER INC,CREAM,OTC MONOGRAPH NOT FINAL,silent,,
d203780c-e770-435a-acff-0162e1483605,SUNTINTS,40046-0034,MAKEUP ART COSMETICS,LIPSTICK,OTC monograph final,silent,,
4df1ea18-59e3-4e1b-b1c5-c7a0fa6a6b7e,Mint Glaze FX,68327-004,"Cover FX Skin Care, Inc.",OINTMENT,OTC monograph not final,silent,,
a3d06086-2c4c-44d4-a242-f452d163cb9f,Hard Candy Correction Creme,58875-101,Xtreme Color Inc.,CREAM,OTC monograph not final,silent,,
0b8a87fc-3c6a-443c-92c3-386ca48a0e3c,CLEAR DIFFERENCE BB COMPLEXION PERFECTING BB BROAD SPECTRUM SPF 35,11559-039,ESTEE LAUDER INC,CREAM,OTC MONOGRAPH NOT FINAL,silent,,
0a205049-811f-4f66-ac29-cb2a7b4efbf0,KGS,63922-605,Kingsway,"CAPSULE, DELAYED RELEASE PELLETS",OTC monograph final,silent,,
62e94727-cbb3-4c57-b241-161ab634c680,CHILDRENS LORATADINE,69842-954,"CVS PHARMACY, INC","TABLET, CHEWABLE",ANDA,silent,,
ad63ce80-6017-4fcf-e053-2a95a90a6c5b,Crazy Aarons Hand Sanitizer 68% Alcohol,80032-400,"Crazy Aaron Enterprises, Inc.",GEL,OTC monograph not final,silent,,
ad56a5bb-b170-eaaf-e053-2995a90ad6eb,Crazy Aarons Hand Sanitizer 68% Alcohol,80032-100,"Crazy Aaron Enterprises, Inc.",GEL,OTC monograph not final,silent,,
d826d1d4-3529-416a-942a-263dd423c783,KOFIX CHERRY AND BLACKBERRY,82340-002,Global Health Solution LLC,LOZENGE,OTC monograph final,silent,,
c088c998-d823-4bd0-9382-b567221f85a7,Childrens Loratadine,51660-754,Ohm Laboratories Inc.,"TABLET, CHEWABLE",ANDA,silent,,
453ceee1-414b-4f4c-8408-eb540a79ca05,Tums Chewy Bites,0135-0618,Haleon US Holdings LLC,"TABLET, CHEWABLE",OTC Monograph Drug,silent,,
9043983c-7ee4-4971-8885-36f814bb570f,Tums Chewy Bites,0135-0184,Haleon US Holdings LLC,"TABLET, CHEWABLE",OTC Monograph Drug,silent,,
d341b832-edcf-4cb2-96e1-c303b030c59a,Tums Chewy Bites,0135-0641,Haleon US Holdings LLC,"TABLET, CHEWABLE",OTC Monograph Drug,silent,,
8e22f6bc-33ce-4bb0-99be-7947aa21f60e,Theraflu ExpressMax Severe Cold and Flu Caplets,0067-8145,Haleon US Holdings LLC,"TABLET, COATED",OTC Monograph Drug,silent,,
907e9974-46b8-4dae-be92-518c076cb98f,members mark omeprazole,68196-700,Sam's West Inc,"TABLET, DELAYED RELEASE",NDA,silent,,
b7972f17-4a63-4d78-a181-01ea6d7d3963,omeprazole,0363-0007,Walgreen Company,"TABLET, DELAYED RELEASE",NDA,silent,,
4513934d-0cf0-40fc-a348-b4e75a33b094,Nexium 24HR ClearMinis,0573-2452,Haleon US Holdings LLC,"CAPSULE, DELAYED RELEASE",NDA,silent,,
59023150-65ef-4427-9045-0e64b100cbab,Chapstick Total Hydration Moisture Tint Very Berry,0573-0872,Haleon US Holdings LLC,STICK,OTC Monograph Drug,silent,,
e686ce23-57bc-4026-be62-d46d90ded442,Chapstick Total Hydration Moisture Tint Pretty in Pink,0573-0873,Haleon US Holdings LLC,STICK,OTC Monograph Drug,silent,,
ef206fe7-2659-41dc-b117-380af704999b,Chapstick Total Hydration Moisture Tint Peachy Keen,0573-0871,Haleon US Holdings LLC,STICK,OTC Monograph Drug,silent,,
f67bd767-e9f1-2377-e053-2a95a90a0a2d,TUMS CHEWY BITES,29485-8120,"Lil' Drug Store Products, Inc.","TABLET, CHEWABLE",OTC Monograph Drug,silent,,
12ace982-bd47-49b0-ba1b-e0a29d42f1d6,Cold and Flu Relief,37808-864,H E B,"CAPSULE, LIQUID FILLED",OTC Monograph Drug,silent,,
236a9447-23ec-44c7-a241-20f9ddc83ab8,Omeprazole,30142-593,Kroger Company,"TABLET, DELAYED RELEASE",NDA,silent,,
1625c724-7ead-cc70-e063-6294a90aa558,Tums Chewy Bites Assorted Berries,67751-227,Navajo Manufacturing Company Inc.,"TABLET, CHEWABLE",OTC Monograph Drug,silent,,
05fae639-ba68-4c05-8ca7-7c5cc2d50584,omeprazole,56062-401,Publix Super Markets Inc,"TABLET, DELAYED RELEASE",NDA,silent,,
5ee3cb79-5c0c-456f-b5d5-d5a008bbd118,good neighbor pharmacy omeprazole,46122-281,Amerisource Bergen,"TABLET, DELAYED RELEASE",NDA,silent,,
73c36634-a70f-4641-910f-6cdda7fbcd36,basic care omeprazole,72288-401,Amazon.com Services LLC,"TABLET, DELAYED RELEASE",NDA,silent,,
72ac000c-90f7-42e2-88a6-740de114a954,Tums Chewy Bites,0135-0606,Haleon US Holdings LLC,"TABLET, CHEWABLE",OTC Monograph Drug,silent,,
0e273007-36ca-320f-e054-00144ff8d46c,Facol Cold and Flu Day,69365-001,JW Holdings,"CAPSULE, LIQUID FILLED",OTC Monograph Drug,silent,,
179486ed-7e06-218e-e054-00144ff8d46c,Facol Cold and Flu Day and Night,69365-004,JW HOLDINGS,"CAPSULE, LIQUID FILLED",OTC Monograph Drug,silent,,
8ed57521-e69a-4563-9ce2-4f6d667f065d,TopCare Omeprazole delayed release,36800-121,Topco Associates LLC,"TABLET, DELAYED RELEASE",NDA,silent,,
51759451-63a8-0fb4-e054-00144ff8d46c,Alka-Seltzer Extra Strength Heartburn ReliefChews,0280-0042,Bayer HealthCare LLC.,"TABLET, CHEWABLE",OTC Monograph Drug,silent,,
3caa037e-3424-f9ce-e063-6294a90ac1e8,Tums Chewy Bites,85237-1860,Select Consumer Group,"TABLET, CHEWABLE",OTC Monograph Drug,silent,,
c5b11a9c-6d93-4772-93c2-1ef5c5647016,HyVee Cough Drops Cherry,83698-902,"Xiamen Kang Zhongyuan Biotechnology Co., Ltd.",LOZENGE,OTC Monograph Drug,silent,,
47a717e9-56b3-e771-e063-6394a90a5c17,HyVee Cough Drops Cherry,42507-902,"HY-VEE, INC",LOZENGE,OTC Monograph Drug,silent,,
cf9919e6-a839-4bad-a007-80d5bf6f81db,omeprazole,42507-414,HyVee Inc,"TABLET, DELAYED RELEASE",NDA,silent,,
3a9b6838-d450-9c3c-e063-6294a90acb62,Tums,0135-0188,Haleon US Holdings LLC,"TABLET, CHEWABLE",OTC Monograph Drug,silent,,
5f4af8e8-8550-45c7-a199-694efac9e7be,Halls,12546-109,Mondelez Global LLC,LOZENGE,OTC Monograph Drug,silent,,
bad89968-22a7-4287-a57c-9e6206e574fe,Halls,12546-333,Mondelez Global LLC,LOZENGE,OTC Monograph Drug,silent,,
3ac48eef-f651-af96-e063-6294a90a501e,Sun Bum Tinted Sunscreen Lip Balm Broad Spectrum SPF 15 - Nude Beach,69039-738,"Sun Bum, LLC",STICK,OTC Monograph Drug,silent,,
3cbe6bab-6b0d-0c9f-e063-6294a90a4c4b,LALICIOUS HYDRATING BUTTER GLOSS SPF 30 BERRY BOMB,87042-001,"Lalicious, LLC",LIPSTICK,OTC Monograph Drug,silent,,
2fc3704c-daac-3e18-e063-6394a90a47ea,omeprazole,59368-308,"Sixarp, LLC","TABLET, DELAYED RELEASE",NDA,silent,,
3050a23a-2635-6240-e063-6294a90abe92,basic care omeprazole,59368-318,"Sixarp, LLC","TABLET, DELAYED RELEASE",NDA,silent,,
30ca4dd9-2bfd-52d3-e063-6294a90a70df,good neighbor pharmacy omeprazole,59368-322,"Sixarp, LLC","TABLET, DELAYED RELEASE",NDA,silent,,
30ca4de1-8320-4f83-e063-6394a90a77bd,omeprazole,59368-323,"Sixarp, LLC","TABLET, DELAYED RELEASE",NDA,silent,,
30ca7496-8e8c-a8f1-e063-6294a90abb5a,omeprazole,59368-324,"Sixarp, LLC","TABLET, DELAYED RELEASE",NDA,silent,,
3119c5fa-5bea-02ea-e063-6294a90a3df7,dg health omeprazole,59368-329,"Sixarp, LLC","TABLET, DELAYED RELEASE",NDA,silent,,
31194780-c051-6d98-e063-6294a90a9a54,TopCare Omeprazole delayed release,59368-325,"Sixarp, LLC","TABLET, DELAYED RELEASE",NDA,silent,,
31196f56-c6ba-a074-e063-6294a90a7762,Omeprazole,59368-326,"Sixarp, LLC","TABLET, DELAYED RELEASE",NDA,silent,,
3119c4ef-bdcb-f45c-e063-6294a90a84c1,up and up omeprazole,59368-328,"Sixarp, LLC","TABLET, DELAYED RELEASE",NDA,silent,,
311a2731-91f1-6d82-e063-6294a90afe92,omeprazole,59368-330,"Sixarp, LLC","TABLET, DELAYED RELEASE",NDA,silent,,
252b143f-eee8-f407-e063-6394a90a0a08,Pepto Bismol,84126-321,The Procter & Gamble Manufacturing Company,"TABLET, CHEWABLE",OTC Monograph Drug,silent,,
4056e49a-2976-38f9-e063-6394a90a786d,PURE SOL  SPF15  Lip Gloss original,84090-006,Brand 2022b LLC,LIQUID,OTC Monograph Drug,silent,,
6208d11d-0670-4a20-a3fc-ebc764a8e6cd,Tums Antacid Chewy Bites,70264-046,R J General Corporation,TABLET,OTC Monograph Drug,silent,,
bb8d2ed8-54a2-2295-e053-2995a90a10ac,Pepto Bismol,37000-996,The Procter & Gamble Manufacturing Company,"TABLET, CHEWABLE",OTC Monograph Drug,silent,,
4c202dae-1ad8-44ab-a272-bdca80845302,D-CAL,62211-247,A&Z Pharmaceutical Inc.,"TABLET, CHEWABLE",OTC Monograph Drug,silent,,
008de8fd-150f-4022-8ccb-c8bfa94875c7,Levothyroxine sodium,50090-6115,A-S Medication Solutions,TABLET,ANDA,silent,,
7c8a6441-3c12-46ae-bb3b-a320d80045b6,Levothyroxine sodium,50090-6634,A-S Medication Solutions,TABLET,ANDA,silent,,
3fc1c40e-cfac-47a1-9e1a-61ead3570600,ORKAMBI,51167-809,Vertex Pharmaceuticals Incorporated,"TABLET, FILM COATED",NDA,silent,,
1e505c90-79e4-4267-83c4-2fbb93d75cc6,Azithromycin,66116-418,"MedVantx, Inc.","TABLET, FILM COATED",ANDA,silent,,
2e8d1503-a431-40ca-95bc-285557795bf7,Clopidogrel,68645-430,Legacy Pharmaceutical Packaging,"TABLET, FILM COATED",ANDA,silent,,
414cd6c4-4926-4dfc-93c4-f04f4b7eeac3,Ropinirole Hydrochloride,55648-174,Wockhardt Limited,"TABLET, FILM COATED",ANDA,silent,,
60bf8e22-284b-4dc0-9c03-694813cc89ac,Azithromycin,66116-509,"MedVantx, Inc.","TABLET, FILM COATED",ANDA,silent,,
b1894876-1824-4f87-95ed-d2a805683e15,Paroxetine,66116-434,"MedVantx, Inc.","TABLET, FILM COATED",ANDA,silent,,
89033966-72f2-44b3-8335-3d12e82f27fe,Clopidogrel,66116-494,"MedVantx, Inc.","TABLET, FILM COATED",ANDA,silent,,
2bd73040-8aad-0bce-e054-00144ff8d46c,Azithromycin,55695-028,"Department of State Health Services, Pharmacy Branch","TABLET, FILM COATED",ANDA,silent,,
7c960f3a-829f-452f-8206-ff9a72c01468,Azithromycin,50436-4357,Unit Dose Services,"TABLET, FILM COATED",ANDA,silent,,
9a8d1dd4-c6e6-4fdc-b4a7-104b29d756e2,Azithromycin,76413-152,Central Texas Community Health Centers,"TABLET, FILM COATED",ANDA,silent,,
5b998c33-00dd-4f8d-88b9-0cdf609c3c45,Azithromycin,50090-1646,A-S Medication Solutions,"TABLET, FILM COATED",ANDA,silent,,
f5e6086e-6a9e-4126-8f5c-848862c521e6,Azithromycin,50090-1940,A-S Medication Solutions,"TABLET, FILM COATED",ANDA,silent,,
d43bbb6a-41bc-716a-e053-2995a90a59bd,Levothyroxine sodium,70934-901,"Denton Pharma, Inc. DBA Northwind Pharmaceuticals",TABLET,ANDA,silent,,
cfea09dc-2c5e-46ba-a2c3-e7e57c822974,Tranylcypromine,0527-3010,"Lannett Company, Inc.",TABLET,ANDA,silent,,
c8fd7034-5ca2-4a58-b303-7f78ffdf8d76,Colchicine,70710-1351,Zydus Pharmaceuticals USA Inc.,TABLET,ANDA,silent,,
94bee24f-d846-4344-bc42-b2eae6b433ba,Colchicine,16714-039,Northstar Rx LLC.,TABLET,ANDA,silent,,
4ce78bf6-61ec-435f-9af5-c86df440892a,Amitriptyline Hydrochloride,71335-2398,Bryant Ranch Prepack,TABLET,ANDA,silent,,
60cadfd7-82b5-4207-97e1-1dd0655efb27,Levothyroxine sodium,0480-8704,"Teva Pharmaceuticals, Inc.",TABLET,ANDA,silent,,
fc9c2149-8d40-401b-af13-5ae7f953950a,"Efavirenz, Emtricitabine and Tenofovir Disoproxil Fumarate",0093-5234,"Teva Pharmaceuticals USA, Inc.","TABLET, FILM COATED",ANDA,silent,,
7b6abc78-b2d6-4949-b109-4c857f37ef12,Colchicine,50090-7205,A-S Medication Solutions,TABLET,ANDA,silent,,
4a2a5b63-5b14-6975-e054-00144ff8d46c,ropinirole,16729-236,Accord Healthcare Inc.,"TABLET, FILM COATED",ANDA,silent,,
4bd7193f-a81a-4909-90c2-7f324fc6ddfd,Lamotrigine,62332-418,Alembic Pharmaceuticals Inc.,"TABLET, EXTENDED RELEASE",ANDA,silent,,
faee013c-cad2-4abb-904c-e6ff79ba778c,Lamotrigine,46708-418,Alembic Pharmaceuticals Limited,"TABLET, EXTENDED RELEASE",ANDA,silent,,
a6233381-3043-4e9a-aaa6-a6b105e5142b,Levothyroxine sodium,16729-452,Accord Healthcare Inc.,TABLET,ANDA,silent,,
cd720ef0-1cb8-40bc-a657-10accb6542b6,Colchicine,70771-1396,Zydus Lifesciences Limited,TABLET,ANDA,set_id_not_found_or_empty,,
ecb7a528-699f-4e51-9887-dee60456da2f,Lamotrigine,70771-1518,Zydus Lifesciences Limited,"TABLET, EXTENDED RELEASE",ANDA,set_id_not_found_or_empty,,
231fcdf8-c642-4074-8be8-53ee9c918f18,Levothyroxine sodium,71335-1828,Bryant Ranch Prepack,TABLET,ANDA,silent,,
3c14a558-2df4-4d93-97dd-640dec6ee785,Tranylcypromine,43547-655,"Solco Healthcare US, LLC",TABLET,ANDA,silent,,
b57d0cc5-9fc7-496a-9bfa-417a288bb825,Levothyroxine sodium,71335-2007,Bryant Ranch Prepack,TABLET,ANDA,silent,,
2b361866-e981-567c-e063-6294a90a5a5c,Levothyroxine Sodium,72189-605,Direct_Rx,TABLET,ANDA,silent,,
7ea3c60a-45c7-44cc-afc2-d87fa53993c0,AUSTEDO XR,68546-479,"Teva Neuroscience, Inc.","TABLET, FILM COATED, EXTENDED RELEASE",NDA,silent,,
9ff5ad8e-f28c-4322-be6e-072487878c12,Levothyroxine sodium,50090-7526,A-S Medication Solutions,TABLET,ANDA,silent,,
65b266af-72a5-4409-ab55-bd14341135aa,Levothyroxine sodium,50090-7527,A-S Medication Solutions,TABLET,ANDA,silent,,
3e2c9a35-6a39-41d7-ad84-3c0bb8894b09,LAMICTAL,0173-0781,GlaxoSmithKline LLC,"TABLET, FILM COATED, EXTENDED RELEASE",NDA,silent,,
a219a68e-7ce5-4e9d-a0de-ec76960040f6,Amitriptyline Hydrochloride,16571-105,"Rising Pharma Holdings, Inc.",TABLET,ANDA,silent,,
11fa3fc9-6776-49a6-b1c1-653f627c3e58,RYDAPT,0078-0698,Novartis Pharmaceuticals Corporation,"CAPSULE, LIQUID FILLED",NDA,silent,,
e0aa02a9-3e2d-44c5-a6b9-843c80102249,Amitriptyline Hydrochloride,70518-4365,REMEDYREPACK INC.,TABLET,ANDA,silent,,
83854522-f22e-491f-8392-c8b1f9441760,Levothyroxine sodium,68788-7942,Preferred Pharmaceuticals Inc.,TABLET,ANDA,silent,,
5823b3a2-3256-4d94-97b4-ec6b940312f4,ropinirole hydrochloride,43547-599,"SOLCO HEALTHCARE US, LLC","TABLET, FILM COATED",ANDA,silent,,
0fa2e2f5-401b-45c1-b6a5-d02f6faf509d,Levothyroxine sodium,70518-4396,REMEDYREPACK INC.,TABLET,ANDA,silent,,
7734ef0b-584f-42dd-a8b5-adbdf4e4df93,ropinirole hydrochloride,43547-272,"SOLCO HEALTHCARE US, LLC","TABLET, FILM COATED",ANDA,silent,,
eb436371-d188-4803-a864-07b90c357e57,Lamotrigine,68382-983,Zydus Pharmaceuticals USA Inc.,"TABLET, EXTENDED RELEASE",ANDA,silent,,
94461af3-11f1-4670-95d4-2965b9538ae3,Neoral,0078-0246,Novartis Pharmaceuticals Corporation,"CAPSULE, LIQUID FILLED",NDA,silent,,
a86757b3-09c5-fd3b-1223-244e94f50a66,Orilissa,0074-0038,AbbVie Inc.,"TABLET, FILM COATED",NDA,silent,,
b7d23ac2-e776-9f62-3290-c64c2d6eb353,Hysingla ER,59011-271,Purdue Pharma LP,"TABLET, EXTENDED RELEASE",NDA,silent,,
36af0286-e447-4098-b3f2-772debd58667,Levothyroxine sodium,50090-6103,A-S Medication Solutions,TABLET,ANDA,silent,,
d5b11dac-1acd-4aa2-b837-e3b90d4f6922,Levothyroxine sodium,50090-6602,A-S Medication Solutions,TABLET,ANDA,silent,,
0cf58732-c242-49b0-8e3f-248778b4458d,Ranolazine,68462-319,"Glenmark Pharmaceuticals Inc., USA","TABLET, FILM COATED, EXTENDED RELEASE",ANDA,silent,,
147d2f8f-842d-4f09-86b0-a66edce27778,Amitriptyline Hydrochloride,68788-8788,Preferred Pharmaceuticals Inc.,TABLET,ANDA,silent,,
24c451c0-4cfb-37f3-e063-6394a90a895e,ORLYNVAH,81153-100,ITERUM THERAPEUTICS US LIMITED,"TABLET, FILM COATED",NDA,silent,,
42a26f8a-dc67-42e4-abb0-d2602afb1b7d,Levothyroxine sodium,87063-088,ASCLEMED USA INC.,TABLET,ANDA,silent,,
